[
  {
    "block": "create:copycat_panel",
    "mass": 10.0,
    "friction": 0.6
  },
  {
    "block": "create_connected:copycat_board",
    "mass": 10.0,
    "friction": 0.6
  },
  {
    "block": "copycats:copycat_slab",
    "mass": 10.0,
    "friction": 0.6
  },
  {
    "block": "create_connected:copycat_slab",
    "mass": 10.0,
    "friction": 0.6
  },
  {
    "block": "copycats:copycat_stairs",
    "mass": 10.0,
    "friction": 0.6
  },
  {
    "block": "create_connected:copycat_stairs",
    "mass": 10.0,
    "friction": 0.6
  },
  {
    "block": "copycats:copycat_vertical_stairs",
    "mass": 10.0,
    "friction": 0.6
  },
  {
    "block": "copycats:copycat_wall",
    "mass": 10.0,
    "friction": 0.6
  },
  {
    "block": "create_connected:copycat_wall",
    "mass": 10.0,
    "friction": 0.6
  },
  {
    "block": "create:copycat_step",
    "mass": 10.0,
    "friction": 0.6
  },
  {
    "block": "copycats:copycat_vertical_step",
    "mass": 10.0,
    "friction": 0.6
  },
  {
    "block": "create_connected:copycat_vertical_step",
    "mass": 10.0,
    "friction": 0.6
  },
  {
    "block": "create_connected:copycat_block",
    "mass": 10.0,
    "friction": 0.6
  },
  {
    "block": "copycats:copycat_block",
    "mass": 10.0,
    "friction": 0.6
  },
  {
    "block": "copycats:create_connected",
    "mass": 10.0,
    "friction": 0.6
  },
  {
    "block": "copycats:copycat_beam",
    "mass": 10.0,
    "friction": 0.6
  },
  {
    "block": "copycats:copycat_slice",
    "mass": 10.0,
    "friction": 0.6
  },
  {
    "block": "copycats:copycat_vertical_slice",
    "mass": 10.0,
    "friction": 0.6
  },
  {
    "block": "copycats:copycat_layer",
    "mass": 10.0,
    "friction": 0.6
  },
  {
    "block": "copycats:copycat_half_panel",
    "mass": 10.0,
    "friction": 0.6
  },
  {
    "block": "copycats:copycat_pane",
    "mass": 10.0,
    "friction": 0.6
  },
  {
    "block": "copycats:copycat_flat_pane",
    "mass": 10.0,
    "friction": 0.6
  },
  {
    "block": "copycats:copycat_byte",
    "mass": 10.0,
    "friction": 0.6
  },
  {
    "block": "copycats:copycat_byte_panel",
    "mass": 10.0,
    "friction": 0.6
  },
  {
    "block": "copycats:copycat_board",
    "mass": 10.0,
    "friction": 0.6
  },
  {
    "block": "create_connected:copycat_catwalk",
    "mass": 10.0,
    "friction": 0.6
  },
  {
    "block": "copycats:copycat_catwalk",
    "mass": 10.0,
    "friction": 0.6
  },
  {
    "block": "copycats:copycat_box",
    "mass": 10.0,
    "friction": 0.6
  },
  {
    "block": "create_connected:copycat_box",
    "mass": 10.0,
    "friction": 0.6
  },
  {
    "block": "copycats:copycat_half_layer",
    "mass": 10.0,
    "friction": 0.6
  },
  {
    "block": "copycats:copycat_vertical_half_layer",
    "mass": 10.0,
    "friction": 0.6
  },
  {
    "block": "copycats:copycat_stacked_half_layer",
    "mass": 10.0,
    "friction": 0.6
  },
  {
    "block": "copycats:copycat_slope_half_layer",
    "mass": 10.0,
    "friction": 0.6
  },
  {
    "block": "copycats:copycat_slope",
    "mass": 10.0,
    "friction": 0.6
  },
  {
    "block": "copycats:copycat_vertical_slope",
    "mass": 10.0,
    "friction": 0.6
  },
  {
    "block": "copycats:copycat_slope_layer",
    "mass": 10.0,
    "friction": 0.6
  },
  {
    "block": "copycats:copycat_door",
    "mass": 10.0,
    "friction": 0.6
  },
  {
    "block": "copycats:copycat_iron_door",
    "mass": 10.0,
    "friction": 0.6
  },
  {
    "block": "copycats:copycat_iron_trapdoor",
    "mass": 10.0,
    "friction": 0.6
  },
  {
    "block": "copycats:copycat_stone_button",
    "mass": 10.0,
    "friction": 0.6
  },
  {
    "block": "copycats:copycat_stone_pressure_plate",
    "mass": 10.0,
    "friction": 0.6
  },
  {
    "block": "copycats:copycat_light_weighted_pressure_plate",
    "mass": 10.0,
    "friction": 0.6
  },
  {
    "block": "copycats:copycat_heavy_weighted_pressure_plate",
    "mass": 10.0,
    "friction": 0.6
  },
  {
    "block": "copycats:copycat_ladder",
    "mass": 10.0,
    "friction": 0.6
  },
  {
    "block": "copycats:copycat_fluid_pipe",
    "mass": 10.0,
    "friction": 0.6
  },
  {
    "block": "copycats:copycat_shaft",
    "mass": 10.0,
    "friction": 0.6
  },
  {
    "block": "copycats:copycat_cogwheel",
    "mass": 10.0,
    "friction": 0.6
  },
  {
    "block": "copycats:copycat_large_cogwheel",
    "mass": 10.0,
    "friction": 0.6
  },
  {
    "block": "railways:copycat_headstock",
    "mass": 10.0,
    "friction": 0.6
  },
  {
    "block": "railways:copycat_headstock_buffer",
    "mass": 10.0,
    "friction": 0.6
  },
  {
    "block": "railways:copycat_headstock_link_and_pin",
    "mass": 10.0,
    "friction": 0.6
  },
  {
    "block": "railways:copycat_headstock_link_and_pin_linkless",
    "mass": 10.0,
    "friction": 0.6
  },
  {
    "block": "railways:copycat_headstock_knuckle_coupler",
    "mass": 10.0,
    "friction": 0.6
  },
  {
    "block": "railways:copycat_headstock_split_knuckle_coupler",
    "mass": 10.0,
    "friction": 0.6
  },
  {
    "block": "railways:copycat_headstock_screwlink_knuckle_coupler",
    "mass": 10.0,
    "friction": 0.6
  },
  {
    "block": "vs_clockwork:flap_bearing",
    "mass": 10.0,
    "friction": 0.6
  },
  {
    "block": "clockworkadditions:copycat_flap",
    "mass": 10.0,
    "friction": 0.6
  },
  {
    "block": "clockworkadditions:copycat_wing",
    "mass": 10.0,
    "friction": 0.6
  },
  {
    "block": "vs_tournament:thruster",
    "mass": 10.0,
    "friction": 0.6
  }
]
